Numero;Punto;Nord;Est;Latitudine;Longitudine;Proiezione;Province
1;Vercelli (Punto Ideale);5033316.62;1437864.36;45.45042576;8.20503948;+proj=cass +lat_0=45.45042576 +lon_0=8.20503948 +x_0=0 +y_0=0 +ellps=WGS84 +units=m +no_defs;Biella, Novara (parte), Verbano Cusio Ossola, Vercelli
2;Pordenone;5091681.44;2338704.15;45.95458397;12.66047164;+proj=cass +lat_0=45.95458397 +lon_0=12.66047164 +x_0=0 +y_0=0 +ellps=WGS84 +units=m +no_defs;Belluno (gran parte), Udine (parte), Venezia (parte)
3;Monte Bronzone;5062219.67;1577145.63;45.70905303;9.99074064;+proj=cass +lat_0=45.70905303 +lon_0=9.99074064 +x_0=0 +y_0=0 +ellps=WGS84 +units=m +no_defs;Sondrio, Bergamo, Brescia, Cremona
4;Lodi;5017990.42;1539453.24;45.31413505;9.50297431;+proj=cass +lat_0=45.31413505 +lon_0=9.50297431 +x_0=0 +y_0=0 +ellps=WGS84 +units=m +no_defs;Como, Milano, Parma (parte), Piacenza (parte)
5;Alessandria;4973570.2;1469349.75;44.91472668;8.61134796;+proj=cass +lat_0=44.91472668 +lon_0=8.61134796 +x_0=0 +y_0=0 +ellps=WGS84 +units=m +no_defs;Alessandria (parte), Asti (parte)
6;Monte Bignone;4858622.59;1398286.99;43.87352936;7.73372694;+proj=cass +lat_0=43.87352936 +lon_0=7.73372694 +x_0=0 +y_0=0 +ellps=WGS84 +units=m +no_defs;Imperia
7;Forte Diamante;4923110.92;1495211.83;44.46112587;8.93946834;+proj=cass +lat_0=44.46112587 +lon_0=8.93946834 +x_0=0 +y_0=0 +ellps=WGS84 +units=m +no_defs;Genova (gran parte), La Spezia (gran parte), Savona, Parma (gran parte)
8;Portonovo;4934722.35;1718797.19;44.53248216;11.75335874;+proj=cass +lat_0=44.53248216 +lon_0=11.75335874 +x_0=0 +y_0=0 +ellps=WGS84 +units=m +no_defs;Bologna, Ferrara, Forlì, Rimini, Ravenna, Rovigo
9;Siena (Torre del Mangia);4798817.15;1689143.93;43.31828703;11.33221016;+proj=cass +lat_0=43.31828703 +lon_0=11.33221016 +x_0=0 +y_0=0 +ellps=WGS84 +units=m +no_defs;Arezzo, Firenze, Grosseto, Livorno (gran parte), Lucca (parte), Pisa (gran parte), Pistoia, Siena
10;Urbino;4844075.8;2329619.57;43.72514932;12.63626776;+proj=cass +lat_0=43.72514932 +lon_0=12.63626776 +x_0=0 +y_0=0 +ellps=WGS84 +units=m +no_defs;Pesaro, Urbino
11;Monte Pennino;4774249.57;2348202.28;43.10138543;12.88876541;+proj=cass +lat_0=43.10138543 +lon_0=12.88876541 +x_0=0 +y_0=0 +ellps=WGS84 +units=m +no_defs;Ascoli Piceno, Fermo, Macerata, Perugia, Arezzo (piccola parte)
12;Monte Mario;4644532.03;2308739.38;41.92439627;12.45214521;+proj=cass +lat_0=41.92439627 +lon_0=12.45214521 +x_0=0 +y_0=0 +ellps=WGS84 +units=m +no_defs;Frosinone (parte), Littoria (parte), Roma (gran parte), Viterbo, Terni
13;Monte Ocre;4679435.16;2391587.01;42.25645724;13.44313386;+proj=cass +lat_0=42.25645724 +lon_0=13.44313386 +x_0=0 +y_0=0 +ellps=WGS84 +units=m +no_defs;Aquila, Pescara (piccola parte), Rieti
14;Monte Pietrereie (Monte Palombo);4611304.82;2458358.88;41.6510226;14.25965522;+proj=cass +lat_0=41.6510226 +lon_0=14.25965522 +x_0=0 +y_0=0 +ellps=WGS84 +units=m +no_defs;Benevento (parte), Campobasso (gran parte), Chieti, Pescara (gran parte), Isernia, Teramo
16;Taranto (Cattedrale);4483002.72;2708912.67;40.47618517;17.22847695;+proj=cass +lat_0=40.47618517 +lon_0=17.22847695 +x_0=0 +y_0=0 +ellps=WGS84 +units=m +no_defs;Taranto (gran parte), Brindisi (parte)
17;Lecce;4471650.16;2789164.74;40.35195558;18.16922358;+proj=cass +lat_0=40.35195558 +lon_0=18.16922358 +x_0=0 +y_0=0 +ellps=WGS84 +units=m +no_defs;Lecce, Brindisi (parte), Taranto (piccola parte)
18;Monte Bruto;4333378.75;2642886.51;39.14090145;16.42183592;+proj=cass +lat_0=39.14090145 +lon_0=16.42183592 +x_0=0 +y_0=0 +ellps=WGS84 +units=m +no_defs;Cosenza, Catanzaro, Reggio Calabria
19;Torre Titone;4191811.43;2303526.25;37.84805703;12.53962245;+proj=cass +lat_0=37.84805703 +lon_0=12.53962245 +x_0=0 +y_0=0 +ellps=WGS84 +units=m +no_defs;Trapani (esclusa Pantelleria)
20;Monte Etna (Punta Lucia);4179704.64;2518709.12;37.76465593;14.9852708;+proj=cass +lat_0=37.76465593 +lon_0=14.9852708 +x_0=0 +y_0=0 +ellps=WGS84 +units=m +no_defs;Messina, Catania (parte)
21;Monte Castelluccio;4141719.28;2411977.49;37.41597534;13.77923129;+proj=cass +lat_0=37.41597534 +lon_0=13.77923129 +x_0=0 +y_0=0 +ellps=WGS84 +units=m +no_defs;Agrigento (escluse isole), Caltanissetta, Enna (parte)
22;Mineo;4124536.45;2492734.53;37.26699983;14.69242068;+proj=cass +lat_0=37.26699983 +lon_0=14.69242068 +x_0=0 +y_0=0 +ellps=WGS84 +units=m +no_defs;Siracusa, Ragusa
23;Sardegna (Punto Ideale);4427815.65;1510008.25;40.0003912;9.1169511;+proj=cass +lat_0=40.0003912 +lon_0=9.1169511 +x_0=0 +y_0=0 +ellps=WGS84 +units=m +no_defs;Cagliari, Nuoro, Sassari
24;Innsbruck;5237890.45;1681094.46;47.26927415;11.39370656;+proj=cass +lat_0=47.26927415 +lon_0=11.39370656 +x_0=0 +y_0=0 +ellps=WGS84 +units=m +no_defs;Trento, Bolzano
27;Monte Cairo;4599624.86;2416623.61;41.54152292;13.76055843;+proj=cass +lat_0=41.54152292 +lon_0=13.76055843 +x_0=0 +y_0=0 +ellps=WGS84 +units=m +no_defs;Frosinone (parte), Napoli (parte)
28;Francolise;4559460.6;2441482.72;41.18261872;14.06374347;+proj=cass +lat_0=41.18261872 +lon_0=14.06374347 +x_0=0 +y_0=0 +ellps=WGS84 +units=m +no_defs;Napoli (parte), Campobasso (parte), Benevento (parte)
29;Cancello (Castello);4521180.39;2472074.94;40.84019413;14.43144708;+proj=cass +lat_0=40.84019413 +lon_0=14.43144708 +x_0=0 +y_0=0 +ellps=WGS84 +units=m +no_defs;Napoli (parte)
30;Miradois (Osservatorio Capodimonte);4523895.55;2457265.54;40.86365124;14.25552353;+proj=cass +lat_0=40.86365124 +lon_0=14.25552353 +x_0=0 +y_0=0 +ellps=WGS84 +units=m +no_defs;Napoli (parte)
31;Monte Petrella;4575392.36;2408326.59;41.32219558;13.6655907;+proj=cass +lat_0=41.32219558 +lon_0=13.6655907 +x_0=0 +y_0=0 +ellps=WGS84 +units=m +no_defs;Frosinone (parte), Littoria (parte)
32;Marigliano;4530606.62;2474204.3;40.92522593;14.45600831;+proj=cass +lat_0=40.92522593 +lon_0=14.45600831 +x_0=0 +y_0=0 +ellps=WGS84 +units=m +no_defs;Napoli (parte)
```[cite: 1]